dataelement,period,orgunit,categoryoptioncombo,attributeoptioncombo,value,storedby,lastupdated,comment,followup,deleted
TsZLukacJ6T,2015,YIA7WLCOZd4,sJUGNYho7Ey,HllvX50cXC0,25,fegati,2019-04-29T03:00:02.000+0000,,false
TsZLukacJ6T,2015,YIA7WLCOZd4,SOw3NHN47G7,HllvX50cXC0,40,fegati,2019-04-29T03:00:02.000+0000,,false
TsZLukacJ6T,2015,YIA7WLCOZd4,sLKRSW7xmwp,HllvX50cXC0,35,fegati,2019-04-29T03:00:02.000+0000,,false
TsZLukacJ6T,2015,YIA7WLCOZd4,ssMY53iFjYm,HllvX50cXC0,20,fegati,2019-04-29T03:00:02.000+0000,,false
TsZLukacJ6T,2015,YIA7WLCOZd4,iEgy3xKqVi5,HllvX50cXC0,30,fegati,2019-04-29T03:00:02.000+0000,,false
TsZLukacJ6T,2015,YIA7WLCOZd4,r8hBd63qzn4,HllvX50cXC0,30,fegati,2019-04-29T03:00:02.000+0000,,false
pTOpNf6zkTv,2015,YIA7WLCOZd4,ssMY53iFjYm,HllvX50cXC0,12,fegati,2019-04-29T03:00:02.000+0000,,false
pTOpNf6zkTv,2015,YIA7WLCOZd4,sLKRSW7xmwp,HllvX50cXC0,12,fegati,2019-04-29T03:00:02.000+0000,,false
pTOpNf6zkTv,2015,YIA7WLCOZd4,iEgy3xKqVi5,HllvX50cXC0,15,fegati,2019-04-29T03:00:02.000+0000,,false
pTOpNf6zkTv,2015,YIA7WLCOZd4,sJUGNYho7Ey,HllvX50cXC0,10,fegati,2019-04-29T03:00:02.000+0000,,false
pTOpNf6zkTv,2015,YIA7WLCOZd4,r8hBd63qzn4,HllvX50cXC0,20,fegati,2019-04-29T03:00:02.000+0000,,false
pTOpNf6zkTv,2015,YIA7WLCOZd4,bJmK5mlfvQk,HllvX50cXC0,228753,fegati,2019-04-29T03:00:02.000+0000,,false
pTOpNf6zkTv,2015,YIA7WLCOZd4,SOw3NHN47G7,HllvX50cXC0,10,fegati,2019-04-29T03:00:02.000+0000,,false
wD1WS24kqQR,2015,YIA7WLCOZd4,iEgy3xKqVi5,HllvX50cXC0,10,fegati,2019-04-29T03:00:02.000+0000,,false
wD1WS24kqQR,2015,YIA7WLCOZd4,sLKRSW7xmwp,HllvX50cXC0,17,fegati,2019-04-29T03:00:02.000+0000,,false
wD1WS24kqQR,2015,YIA7WLCOZd4,r8hBd63qzn4,HllvX50cXC0,20,fegati,2019-04-29T03:00:02.000+0000,,false
wD1WS24kqQR,2015,YIA7WLCOZd4,sJUGNYho7Ey,HllvX50cXC0,13,fegati,2019-04-29T03:00:02.000+0000,,false
mEtKA2HMRkT,2015,YIA7WLCOZd4,sLKRSW7xmwp,HllvX50cXC0,35,fegati,2019-04-29T03:00:02.000+0000,,false
mEtKA2HMRkT,2015,YIA7WLCOZd4,r8hBd63qzn4,HllvX50cXC0,12,fegati,2019-04-29T03:00:02.000+0000,,false
mEtKA2HMRkT,2015,YIA7WLCOZd4,sJUGNYho7Ey,HllvX50cXC0,30,fegati,2019-04-29T03:00:02.000+0000,,false
mEtKA2HMRkT,2015,YIA7WLCOZd4,iEgy3xKqVi5,HllvX50cXC0,8,fegati,2019-04-29T03:00:02.000+0000,,false
HNUVvzz5Mcb,2015,YIA7WLCOZd4,r8hBd63qzn4,HllvX50cXC0,30,fegati,2019-04-29T03:00:02.000+0000,,false
HNUVvzz5Mcb,2015,YIA7WLCOZd4,sJUGNYho7Ey,HllvX50cXC0,4,fegati,2019-04-29T03:00:02.000+0000,,false
HNUVvzz5Mcb,2015,YIA7WLCOZd4,sLKRSW7xmwp,HllvX50cXC0,50,fegati,2019-04-29T03:00:02.000+0000,,false
HNUVvzz5Mcb,2015,YIA7WLCOZd4,iEgy3xKqVi5,HllvX50cXC0,15,fegati,2019-04-29T03:00:02.000+0000,,false
nsPgvbrDPwQ,2015,YIA7WLCOZd4,HllvX50cXC0,HllvX50cXC0,45,kevo,2019-05-02T12:54:31.000+0000,,false
LgOeUwjhGva,2015,YIA7WLCOZd4,HllvX50cXC0,HllvX50cXC0,50,kevo,2019-05-07T11:34:46.776+0000,,false
cBaVY4cTk1A,2015,YIA7WLCOZd4,HllvX50cXC0,HllvX50cXC0,22,kevo,2019-05-07T11:34:35.034+0000,,false
jHGHRAQ0RcL,2015,YIA7WLCOZd4,HllvX50cXC0,HllvX50cXC0,97,fegati,2019-04-29T03:00:02.000+0000,,false
NXhSDQe6OXB,2015,YIA7WLCOZd4,HllvX50cXC0,HllvX50cXC0,200,kevo,2019-05-07T11:35:46.960+0000,,false
SdGVvEDBReG,2015,YIA7WLCOZd4,HllvX50cXC0,HllvX50cXC0,54,kevo,2019-05-07T11:36:28.620+0000,,false
Hz6LcIaTWfY,2015,YIA7WLCOZd4,HllvX50cXC0,HllvX50cXC0,38,fegati,2019-04-29T03:00:02.000+0000,,false
pH4ByZuNaRi,2015,YIA7WLCOZd4,HllvX50cXC0,HllvX50cXC0,780,kevo,2019-05-02T12:02:21.000+0000,,false
MemsRPHqriD,2015,YIA7WLCOZd4,HllvX50cXC0,HllvX50cXC0,56,fegati,2019-04-29T03:00:02.000+0000,,false
x7dHhPJWJPe,2015,YIA7WLCOZd4,HllvX50cXC0,HllvX50cXC0,990,fegati,2019-04-29T03:00:02.000+0000,,false
F2kfyiytNRy,2015,YIA7WLCOZd4,HllvX50cXC0,HllvX50cXC0,75,fegati,2019-04-29T03:00:02.000+0000,,false
vFCUplW58Dq,2015,YIA7WLCOZd4,HllvX50cXC0,HllvX50cXC0,120,fegati,2019-04-29T03:00:02.000+0000,,false
rR9ege9U0X3,2015,YIA7WLCOZd4,HllvX50cXC0,HllvX50cXC0,89,fegati,2019-04-29T03:00:02.000+0000,,false
KjU4p8nocJQ,2015,YIA7WLCOZd4,HllvX50cXC0,HllvX50cXC0,356,fegati,2019-04-29T03:00:02.000+0000,,false
r1tLOkgBXcw,2015,YIA7WLCOZd4,HllvX50cXC0,HllvX50cXC0,90,fegati,2019-04-29T03:00:02.000+0000,,false
LjiN9Kh17Bj,2015,YIA7WLCOZd4,HllvX50cXC0,HllvX50cXC0,38,fegati,2019-04-29T03:00:02.000+0000,,false
K10M0TiP5Id,2015,YIA7WLCOZd4,HllvX50cXC0,HllvX50cXC0,38,fegati,2019-04-29T03:00:02.000+0000,,false
mH9XBhoW1Cf,2015,YIA7WLCOZd4,HllvX50cXC0,HllvX50cXC0,53,fegati,2019-04-29T03:00:02.000+0000,,false
JFvlTEuknXq,2015,YIA7WLCOZd4,HllvX50cXC0,HllvX50cXC0,87,fegati,2019-04-29T03:00:02.000+0000,,false
IcUjJW2C9Im,2015,YIA7WLCOZd4,HllvX50cXC0,HllvX50cXC0,89,fegati,2019-04-29T03:00:02.000+0000,,false
dlinqsDHurO,2015,YIA7WLCOZd4,HllvX50cXC0,HllvX50cXC0,823,fegati,2019-04-29T03:00:02.000+0000,,false
pZWwlUZworn,2015,YIA7WLCOZd4,HllvX50cXC0,HllvX50cXC0,38,fegati,2019-04-29T03:00:02.000+0000,,false
Cl2zeNxNNEM,2015,YIA7WLCOZd4,HllvX50cXC0,HllvX50cXC0,92,fegati,2019-04-29T03:00:02.000+0000,,false
yj4fJbzFrfg,2015,YIA7WLCOZd4,HllvX50cXC0,HllvX50cXC0,876,fegati,2019-04-29T03:00:02.000+0000,,false
Vak8DH4WNiD,2015,YIA7WLCOZd4,HllvX50cXC0,HllvX50cXC0,86,fegati,2019-04-29T03:00:02.000+0000,,false
w8oLlRxIzST,2015,YIA7WLCOZd4,HllvX50cXC0,HllvX50cXC0,205.7,fegati,2019-04-29T03:00:02.000+0000,,false
b1IbuE6i9Tc,2015,YIA7WLCOZd4,HllvX50cXC0,HllvX50cXC0,6789,fegati,2019-04-29T03:00:02.000+0000,,false
SJCuhkbZCqN,2015,YIA7WLCOZd4,HllvX50cXC0,HllvX50cXC0,38,fegati,2019-04-29T03:00:02.000+0000,,false
TU2VGO7AnYK,2015,YIA7WLCOZd4,HllvX50cXC0,HllvX50cXC0,67,fegati,2019-04-29T03:00:02.000+0000,,false
Vid4sMI2rtf,2015,YIA7WLCOZd4,HllvX50cXC0,HllvX50cXC0,38,fegati,2019-04-29T03:00:02.000+0000,,false
pADPo7G4Q8n,2015,YIA7WLCOZd4,HllvX50cXC0,HllvX50cXC0,38,fegati,2019-04-29T03:00:02.000+0000,,false
X3pqi7fAvgs,2015,YIA7WLCOZd4,HllvX50cXC0,HllvX50cXC0,38,fegati,2019-04-29T03:00:02.000+0000,,false
SdxjNoHJO7z,2015,YIA7WLCOZd4,HllvX50cXC0,HllvX50cXC0,38,fegati,2019-04-29T03:00:02.000+0000,,false
uR57Bcq3Rgq,2015,YIA7WLCOZd4,HllvX50cXC0,HllvX50cXC0,38,fegati,2019-04-29T03:00:02.000+0000,,false
con8QLEKvTB,2015,YIA7WLCOZd4,HllvX50cXC0,HllvX50cXC0,38,fegati,2019-04-29T03:00:02.000+0000,,false
R5tq2LHUK6X,2015,YIA7WLCOZd4,HllvX50cXC0,HllvX50cXC0,38,fegati,2019-04-29T03:00:02.000+0000,,false
pBeH3AFPieZ,2015,YIA7WLCOZd4,HllvX50cXC0,HllvX50cXC0,7.5,fegati,2019-04-29T03:00:02.000+0000,,false
KnUVvNnHny2,2015,YIA7WLCOZd4,HllvX50cXC0,HllvX50cXC0,759,kevo,2019-05-02T12:02:05.000+0000,,false
JdwU3qMoYxO,2015,YIA7WLCOZd4,HllvX50cXC0,HllvX50cXC0,60,fegati,2019-04-29T03:00:02.000+0000,,false
q8mm20cJoYs,2015,YIA7WLCOZd4,sJUGNYho7Ey,HllvX50cXC0,23,fegati,2019-04-29T03:00:02.000+0000,,false
q8mm20cJoYs,2015,YIA7WLCOZd4,sLKRSW7xmwp,HllvX50cXC0,100,fegati,2019-04-29T03:00:02.000+0000,,false
SBmI91hjx3T,2015,YIA7WLCOZd4,sJUGNYho7Ey,HllvX50cXC0,12,fegati,2019-04-29T03:00:02.000+0000,,false
SBmI91hjx3T,2015,YIA7WLCOZd4,sLKRSW7xmwp,HllvX50cXC0,145,fegati,2019-04-29T03:00:02.000+0000,,false
q534i5qtxG2,2015,YIA7WLCOZd4,HllvX50cXC0,HllvX50cXC0,23,fegati,2019-04-29T03:00:02.000+0000,,false
UTKJklNQim3,2015,YIA7WLCOZd4,HllvX50cXC0,HllvX50cXC0,78,fegati,2019-04-29T03:00:02.000+0000,,false
ygD0dPHpavK,2015,YIA7WLCOZd4,HllvX50cXC0,HllvX50cXC0,40,fegati,2019-04-29T03:00:02.000+0000,,false
Ebrx1HB3nkN,2015,YIA7WLCOZd4,HllvX50cXC0,HllvX50cXC0,72,fegati,2019-04-29T03:00:02.000+0000,,false
kqnpnHrcTcg,2015,YIA7WLCOZd4,sJUGNYho7Ey,HllvX50cXC0,36,fegati,2019-04-29T03:00:02.000+0000,,false
kqnpnHrcTcg,2015,YIA7WLCOZd4,sLKRSW7xmwp,HllvX50cXC0,67,fegati,2019-04-29T03:00:02.000+0000,,false
XgtR08R2tWT,2015,YIA7WLCOZd4,HllvX50cXC0,HllvX50cXC0,63.4,fegati,2019-04-29T03:00:02.000+0000,,false
N6fWQSZhzXS,2015,YIA7WLCOZd4,HllvX50cXC0,HllvX50cXC0,547,fegati,2019-04-29T03:00:02.000+0000,,false
cZ1kDXBQ7C2,2015,YIA7WLCOZd4,HllvX50cXC0,HllvX50cXC0,945,fegati,2019-04-29T03:00:02.000+0000,,false
goDhooTdnpA,2015,YIA7WLCOZd4,HllvX50cXC0,HllvX50cXC0,86,fegati,2019-04-29T03:00:02.000+0000,,false
nMmhSIi5hLE,2015,YIA7WLCOZd4,HllvX50cXC0,HllvX50cXC0,36,fegati,2019-04-29T03:00:02.000+0000,,false
aXgQjzyBOHY,2015,YIA7WLCOZd4,HllvX50cXC0,HllvX50cXC0,78,fegati,2019-04-29T03:00:02.000+0000,,false
kCRn8WKklIR,2015,YIA7WLCOZd4,sLKRSW7xmwp,HllvX50cXC0,38,fegati,2019-04-29T03:00:02.000+0000,,false
kCRn8WKklIR,2015,YIA7WLCOZd4,r8hBd63qzn4,HllvX50cXC0,15,fegati,2019-04-29T03:00:02.000+0000,,false
kCRn8WKklIR,2015,YIA7WLCOZd4,sJUGNYho7Ey,HllvX50cXC0,38,fegati,2019-04-29T03:00:02.000+0000,,false
kCRn8WKklIR,2015,YIA7WLCOZd4,iEgy3xKqVi5,HllvX50cXC0,10,fegati,2019-04-29T03:00:02.000+0000,,false
EUVnujhYWcR,2015,YIA7WLCOZd4,HllvX50cXC0,HllvX50cXC0,500,fegati,2019-04-29T03:00:02.000+0000,,false
oqhLWFqRC14,2015,YIA7WLCOZd4,HllvX50cXC0,HllvX50cXC0,700,fegati,2019-04-29T03:00:02.000+0000,,false
OEpkeiWuqX0,2015,YIA7WLCOZd4,HllvX50cXC0,HllvX50cXC0,100,fegati,2019-04-29T03:00:02.000+0000,,false
WQGDscmrGgi,2015,YIA7WLCOZd4,HllvX50cXC0,HllvX50cXC0,500,fegati,2019-04-29T03:00:02.000+0000,,false
DGX5LV26AD1,2015,YIA7WLCOZd4,HllvX50cXC0,HllvX50cXC0,134,fegati,2019-04-29T03:00:02.000+0000,,false
C0ScMXqXY02,2015,YIA7WLCOZd4,HllvX50cXC0,HllvX50cXC0,13.4,fegati,2019-04-29T03:00:02.000+0000,,false
MpwayQltPTy,2015,YIA7WLCOZd4,HllvX50cXC0,HllvX50cXC0,110,fegati,2019-04-29T03:00:02.000+0000,,false
j6NGNhKM1jz,2015,YIA7WLCOZd4,HllvX50cXC0,HllvX50cXC0,100,fegati,2019-04-29T03:00:02.000+0000,,false
xYjKHmNPMKu,2015,YIA7WLCOZd4,HllvX50cXC0,HllvX50cXC0,150,fegati,2019-04-29T03:00:02.000+0000,,false
dX49L52V9WM,2015,YIA7WLCOZd4,HllvX50cXC0,HllvX50cXC0,100,fegati,2019-04-29T03:00:02.000+0000,,false
nQDrXyuARRa,2015,YIA7WLCOZd4,HllvX50cXC0,HllvX50cXC0,456,fegati,2019-04-29T03:00:02.000+0000,,false
bKFp3z7BOK7,2015,YIA7WLCOZd4,sLKRSW7xmwp,HllvX50cXC0,30,fegati,2019-04-29T03:00:02.000+0000,,false
bKFp3z7BOK7,2015,YIA7WLCOZd4,sJUGNYho7Ey,HllvX50cXC0,10,fegati,2019-04-29T03:00:02.000+0000,,false
Gtrz0rkNIH9,2015,YIA7WLCOZd4,sJUGNYho7Ey,HllvX50cXC0,40,fegati,2019-04-29T03:00:02.000+0000,,false
Gtrz0rkNIH9,2015,YIA7WLCOZd4,sLKRSW7xmwp,HllvX50cXC0,60,fegati,2019-04-29T03:00:02.000+0000,,false
dAbyaqzPFQu,2015,YIA7WLCOZd4,HllvX50cXC0,HllvX50cXC0,3456,fegati,2019-04-29T03:00:02.000+0000,,false
isVafLZvrzO,2015,YIA7WLCOZd4,HllvX50cXC0,HllvX50cXC0,7865,fegati,2019-04-29T03:00:02.000+0000,,false
tl6Qlw1d0FB,2015,YIA7WLCOZd4,HllvX50cXC0,HllvX50cXC0,654,fegati,2019-04-29T03:00:02.000+0000,,false
ReqlS094zxC,2015,YIA7WLCOZd4,HllvX50cXC0,HllvX50cXC0,893,fegati,2019-04-29T03:00:02.000+0000,,false
ACLqta1bLlC,2015,YIA7WLCOZd4,HllvX50cXC0,HllvX50cXC0,67,fegati,2019-04-29T03:00:02.000+0000,,false
KltV9viaHHG,2015,YIA7WLCOZd4,HllvX50cXC0,HllvX50cXC0,789,fegati,2019-04-29T03:00:02.000+0000,,false
rrjMth4f11Z,2015,YIA7WLCOZd4,HllvX50cXC0,HllvX50cXC0,674,fegati,2019-04-29T03:00:02.000+0000,,false
o8atQWjlEQ5,2015,YIA7WLCOZd4,HllvX50cXC0,HllvX50cXC0,567,fegati,2019-04-29T03:00:02.000+0000,,false
YKfRIUfnqaw,2015,YIA7WLCOZd4,HllvX50cXC0,HllvX50cXC0,750,fegati,2019-04-29T03:00:02.000+0000,,false
TQGrrzcVi9a,2015,YIA7WLCOZd4,HllvX50cXC0,HllvX50cXC0,1000,fegati,2019-04-29T03:00:02.000+0000,,false
Djjg8FIvCKp,2015,YIA7WLCOZd4,HllvX50cXC0,HllvX50cXC0,1234,fegati,2019-04-29T03:00:02.000+0000,,false
grluc6vgaSM,2015,YIA7WLCOZd4,HllvX50cXC0,HllvX50cXC0,4567,fegati,2019-04-29T03:00:02.000+0000,,false
R64mkjYs7B7,2015,YIA7WLCOZd4,HllvX50cXC0,HllvX50cXC0,2000,kevo,2019-05-07T11:47:26.974+0000,,false
CXnbOm2RZE1,2015,YIA7WLCOZd4,HllvX50cXC0,HllvX50cXC0,678,fegati,2019-04-29T03:00:02.000+0000,,false
HrnVSfYnHma,2015,YIA7WLCOZd4,HllvX50cXC0,HllvX50cXC0,300,kevo,2019-05-06T13:54:12.113+0000,,false
fcy9TKaPBS0,2015,YIA7WLCOZd4,HllvX50cXC0,HllvX50cXC0,654,fegati,2019-04-29T03:00:02.000+0000,,false
F8JgS20k6r7,2015,YIA7WLCOZd4,HllvX50cXC0,HllvX50cXC0,783,fegati,2019-04-29T03:00:02.000+0000,,false
U34Rhq28dIv,2015,YIA7WLCOZd4,HllvX50cXC0,HllvX50cXC0,2280,fegati,2019-04-29T03:00:02.000+0000,,false
wgG0LeHPhme,2015,YIA7WLCOZd4,HllvX50cXC0,HllvX50cXC0,943.2,fegati,2019-04-29T03:00:02.000+0000,,false
VGcl0oGA3gQ,2015,YIA7WLCOZd4,HllvX50cXC0,HllvX50cXC0,7654,fegati,2019-04-29T03:00:02.000+0000,,false
LGR9NIOhJZN,2015,YIA7WLCOZd4,HllvX50cXC0,HllvX50cXC0,3456,fegati,2019-04-29T03:00:02.000+0000,,false
doGQYyiL5Xc,2015,YIA7WLCOZd4,HllvX50cXC0,HllvX50cXC0,935,fegati,2019-04-29T03:00:02.000+0000,,false
ixPGl1NVAjc,2015,YIA7WLCOZd4,HllvX50cXC0,HllvX50cXC0,7000,mhui,2018-10-26T14:03:23.007+0000,,false
M7BMX4KeItQ,2015,YIA7WLCOZd4,HllvX50cXC0,HllvX50cXC0,9876,fegati,2019-04-29T03:00:02.000+0000,,false
LmtfIaGo0ze,2015,YIA7WLCOZd4,HllvX50cXC0,HllvX50cXC0,65,kevo,2018-10-02T08:13:35.156+0000,,false
fT9njJ08ONo,2015,YIA7WLCOZd4,HllvX50cXC0,HllvX50cXC0,1,mhui,2018-10-26T14:09:09.168+0000,,false
nhBNZvraNtR,2015,YIA7WLCOZd4,HllvX50cXC0,HllvX50cXC0,9875,fegati,2019-04-29T03:00:02.000+0000,,false
OI8W4V2UeCw,2015,YIA7WLCOZd4,HllvX50cXC0,HllvX50cXC0,88,fegati,2019-04-29T03:00:02.000+0000,,false
J6mhwkHXYRX,2015,YIA7WLCOZd4,HllvX50cXC0,HllvX50cXC0,800,fegati,2019-04-29T03:00:02.000+0000,,false
Et4Jnj4Y0bx,2015,YIA7WLCOZd4,HllvX50cXC0,HllvX50cXC0,1000,fegati,2019-04-29T03:00:02.000+0000,,false
zLZFU6m9B0O,2015,YIA7WLCOZd4,HllvX50cXC0,HllvX50cXC0,38,fegati,2019-04-29T03:00:02.000+0000,,false
DC82t4TqvSt,2015,YIA7WLCOZd4,HllvX50cXC0,HllvX50cXC0,40.8,fegati,2019-04-29T03:00:02.000+0000,,false
lsR89zdhpE7,2015,YIA7WLCOZd4,HllvX50cXC0,HllvX50cXC0,9.9,fegati,2019-04-29T03:00:02.000+0000,,false
jcWXxKiW0i4,2015,YIA7WLCOZd4,HllvX50cXC0,HllvX50cXC0,87.6,fegati,2019-04-29T03:00:02.000+0000,,false
ynSFHBIYfAc,2015,YIA7WLCOZd4,HllvX50cXC0,HllvX50cXC0,1213,fegati,2019-04-29T03:00:02.000+0000,,false
APPRHhMypTn,2015,YIA7WLCOZd4,HllvX50cXC0,HllvX50cXC0,1,kevo,2019-05-07T11:50:32.376+0000,,false
KI4KGmBjeK5,2015,YIA7WLCOZd4,HllvX50cXC0,HllvX50cXC0,895,fegati,2019-04-29T03:00:02.000+0000,,false
huEkNaUiiZS,2015,YIA7WLCOZd4,sJUGNYho7Ey,HllvX50cXC0,98,fegati,2019-04-29T03:00:02.000+0000,,false
huEkNaUiiZS,2015,YIA7WLCOZd4,sLKRSW7xmwp,HllvX50cXC0,56,fegati,2019-04-29T03:00:02.000+0000,,false
KaRLMIg67ut,2015,YIA7WLCOZd4,sJUGNYho7Ey,HllvX50cXC0,789,fegati,2019-04-29T03:00:02.000+0000,,false
KaRLMIg67ut,2015,YIA7WLCOZd4,sLKRSW7xmwp,HllvX50cXC0,890,fegati,2019-04-29T03:00:02.000+0000,,false
LXBAztHs8GC,2015,YIA7WLCOZd4,HllvX50cXC0,HllvX50cXC0,891,fegati,2019-04-29T03:00:02.000+0000,,false
Yo5wu8Xtiss,2015,YIA7WLCOZd4,HllvX50cXC0,HllvX50cXC0,78,fegati,2019-04-29T03:00:02.000+0000,,false
uM0hXE3jV3V,2015,YIA7WLCOZd4,HllvX50cXC0,HllvX50cXC0,456.9,fegati,2019-04-29T03:00:02.000+0000,,false
h529oFxp0fz,2015,YIA7WLCOZd4,HllvX50cXC0,HllvX50cXC0,73,fegati,2019-04-29T03:00:02.000+0000,,false
jvfrnV2dyE6,2015,YIA7WLCOZd4,HllvX50cXC0,HllvX50cXC0,93,fegati,2019-04-29T03:00:02.000+0000,,false
jtMK6hK3BnU,2015,YIA7WLCOZd4,HllvX50cXC0,HllvX50cXC0,1,kevo,2019-05-07T11:52:06.791+0000,,false
WNbwHJdi9fj,2015,YIA7WLCOZd4,HllvX50cXC0,HllvX50cXC0,5000,fegati,2019-04-29T03:00:02.000+0000,,false
R2mSVduTEHb,2015,YIA7WLCOZd4,HllvX50cXC0,HllvX50cXC0,3800,fegati,2019-04-29T03:00:02.000+0000,,false
fGrYKYgsz56,2015,YIA7WLCOZd4,HllvX50cXC0,HllvX50cXC0,800,fegati,2019-04-29T03:00:02.000+0000,,false
zrYzxKPMCUf,2015,YIA7WLCOZd4,HllvX50cXC0,HllvX50cXC0,56,fegati,2019-04-29T03:00:02.000+0000,,false
NtkFpqrWUUz,2015,YIA7WLCOZd4,HllvX50cXC0,HllvX50cXC0,45,fegati,2019-04-29T03:00:02.000+0000,,false
b2JULRR29Vr,2015,YIA7WLCOZd4,HllvX50cXC0,HllvX50cXC0,78,fegati,2019-04-29T03:00:02.000+0000,,false
OqkExkc8YQg,2015,YIA7WLCOZd4,HllvX50cXC0,HllvX50cXC0,28,fegati,2019-04-29T03:00:02.000+0000,,false
IifjkFPTvF9,2015,YIA7WLCOZd4,HllvX50cXC0,HllvX50cXC0,9508.3,fegati,2019-04-29T03:00:02.000+0000,,false
NJiuosvvTqR,2015,YIA7WLCOZd4,HllvX50cXC0,HllvX50cXC0,1,kevo,2019-05-07T11:55:51.754+0000,,false
dGsxottaM20,2015,YIA7WLCOZd4,HllvX50cXC0,HllvX50cXC0,145,kevo,2019-05-02T12:57:37.000+0000,,false
FOp1pCnNuBo,2015,YIA7WLCOZd4,HllvX50cXC0,HllvX50cXC0,38,fegati,2019-04-29T03:00:02.000+0000,,false
ETzoIk2kLNK,2015,YIA7WLCOZd4,HllvX50cXC0,HllvX50cXC0,89,fegati,2019-04-29T03:00:02.000+0000,,false
fqqZhw9AMvn,2015,YIA7WLCOZd4,HllvX50cXC0,HllvX50cXC0,45,fegati,2019-04-29T03:00:02.000+0000,,false
VM8F1Q8EVxB,2015,YIA7WLCOZd4,HllvX50cXC0,HllvX50cXC0,6363,fegati,2019-04-29T03:00:02.000+0000,,false
C22hsuW2rE5,2015,YIA7WLCOZd4,HllvX50cXC0,HllvX50cXC0,67,fegati,2019-04-29T03:00:02.000+0000,,false
OyAEqNG6RMg,2015,YIA7WLCOZd4,HllvX50cXC0,HllvX50cXC0,30,fegati,2019-04-29T03:00:02.000+0000,,false
erR6FSvuScN,2015,YIA7WLCOZd4,HllvX50cXC0,HllvX50cXC0,38,fegati,2019-04-29T03:00:02.000+0000,,false
RbhomZoQGDs,2015,YIA7WLCOZd4,HllvX50cXC0,HllvX50cXC0,89,fegati,2019-04-29T03:00:02.000+0000,,false
aRe93xxQav7,2015,YIA7WLCOZd4,HllvX50cXC0,HllvX50cXC0,78,fegati,2019-04-29T03:00:02.000+0000,,false
s4SKEVPtp2m,2015,YIA7WLCOZd4,HllvX50cXC0,HllvX50cXC0,67,fegati,2019-04-29T03:00:02.000+0000,,false
GYeuH3xRLlD,2015,YIA7WLCOZd4,HllvX50cXC0,HllvX50cXC0,46,fegati,2019-04-29T03:00:02.000+0000,,false
lAJhTUbm4uq,2015,YIA7WLCOZd4,HllvX50cXC0,HllvX50cXC0,58.2,mhui,2018-10-26T14:05:39.696+0000,,false
V9ahdUlT8ak,2015,YIA7WLCOZd4,HllvX50cXC0,HllvX50cXC0,8400,kevo,2019-05-07T11:50:02.557+0000,,false
fg10UJuPwYW,2015,YIA7WLCOZd4,HllvX50cXC0,HllvX50cXC0,6000,fegati,2019-04-29T03:00:02.000+0000,,false
bKVIl5DFvYH,2015,YIA7WLCOZd4,HllvX50cXC0,HllvX50cXC0,67,fegati,2019-04-29T03:00:02.000+0000,,false
j4w8plpRTl9,2015,YIA7WLCOZd4,HllvX50cXC0,HllvX50cXC0,54,fegati,2019-04-29T03:00:02.000+0000,,false
iXJmz0gayg2,2015,YIA7WLCOZd4,HllvX50cXC0,HllvX50cXC0,3000,fegati,2019-04-29T03:00:02.000+0000,,false
tFC6V5nnzan,2015,YIA7WLCOZd4,HllvX50cXC0,HllvX50cXC0,38,fegati,2019-04-29T03:00:02.000+0000,,false
umJef6viQsI,2015,YIA7WLCOZd4,HllvX50cXC0,HllvX50cXC0,30,fegati,2019-04-29T03:00:02.000+0000,,false
upip89aqbWr,2015,YIA7WLCOZd4,HllvX50cXC0,HllvX50cXC0,29000,fegati,2019-04-29T03:00:02.000+0000,,false
NO17dTDKMMl,2015,YIA7WLCOZd4,HllvX50cXC0,HllvX50cXC0,38,fegati,2019-04-29T03:00:02.000+0000,,false
piR74Xk7nQY,2015,YIA7WLCOZd4,HllvX50cXC0,HllvX50cXC0,38,fegati,2019-04-29T03:00:02.000+0000,,false
oqVHB2xihvP,2015,YIA7WLCOZd4,sJUGNYho7Ey,HllvX50cXC0,20,lhenao,2018-10-01T13:37:12.975+0000,,false
oqVHB2xihvP,2015,YIA7WLCOZd4,r8hBd63qzn4,HllvX50cXC0,30,lhenao,2018-10-01T13:38:30.495+0000,,false
oqVHB2xihvP,2015,YIA7WLCOZd4,iEgy3xKqVi5,HllvX50cXC0,2,lhenao,2018-10-01T13:38:42.215+0000,,false
oqVHB2xihvP,2015,YIA7WLCOZd4,sLKRSW7xmwp,HllvX50cXC0,12,lhenao,2018-10-01T13:37:03.069+0000,,false
KKQuhnCMtEP,2015,YIA7WLCOZd4,r8hBd63qzn4,HllvX50cXC0,1200,lhenao,2018-10-01T13:38:20.864+0000,,false
KKQuhnCMtEP,2015,YIA7WLCOZd4,sJUGNYho7Ey,HllvX50cXC0,1000,lhenao,2018-10-01T13:37:25.676+0000,,false
KKQuhnCMtEP,2015,YIA7WLCOZd4,iEgy3xKqVi5,HllvX50cXC0,1000,lhenao,2018-10-01T13:38:16.984+0000,,false
KKQuhnCMtEP,2015,YIA7WLCOZd4,sLKRSW7xmwp,HllvX50cXC0,1200,lhenao,2018-10-01T13:37:10.659+0000,,false
EIxxvp8CHka,2015,YIA7WLCOZd4,sJUGNYho7Ey,HllvX50cXC0,18,lhenao,2018-10-01T10:05:11.149+0000,,false
EIxxvp8CHka,2015,YIA7WLCOZd4,sLKRSW7xmwp,HllvX50cXC0,22,lhenao,2018-10-01T10:24:58.176+0000,,false
q2e5Wwjb7Ut,2015,YIA7WLCOZd4,sLKRSW7xmwp,HllvX50cXC0,100,lhenao,2018-10-01T10:05:09.605+0000,,false
q2e5Wwjb7Ut,2015,YIA7WLCOZd4,sJUGNYho7Ey,HllvX50cXC0,100,lhenao,2018-10-01T10:05:19.555+0000,,false
xd1rD8igIDV,2015,YIA7WLCOZd4,HllvX50cXC0,HllvX50cXC0,120,ejomo,2018-10-11T11:31:32.129+0000,,false
kSShIs8ejPy,2015,YIA7WLCOZd4,HllvX50cXC0,HllvX50cXC0,4,lhenao,2018-10-01T12:24:56.968+0000,,false
ab5HIxZDpT6,2015,YIA7WLCOZd4,HllvX50cXC0,HllvX50cXC0,70,lhenao,2018-10-01T12:25:59.021+0000,,false
ZeItmMcJmlK,2015,YIA7WLCOZd4,HllvX50cXC0,HllvX50cXC0,7000,lhenao,2018-10-01T12:26:22.072+0000,,false
P1da2rLseDI,2015,YIA7WLCOZd4,sJUGNYho7Ey,HllvX50cXC0,500,lhenao,2018-10-01T12:27:32.194+0000,,false
P1da2rLseDI,2015,YIA7WLCOZd4,sLKRSW7xmwp,HllvX50cXC0,300,lhenao,2018-10-01T12:27:18.278+0000,,false
ZgZNqYI4j8m,2015,YIA7WLCOZd4,sJUGNYho7Ey,HllvX50cXC0,3000,lhenao,2018-10-01T12:27:51.040+0000,,false
ZgZNqYI4j8m,2015,YIA7WLCOZd4,sLKRSW7xmwp,HllvX50cXC0,1500,lhenao,2018-10-01T12:27:21.813+0000,,false
w5VGTETV8sF,2015,YIA7WLCOZd4,HllvX50cXC0,HllvX50cXC0,16,lhenao,2018-10-01T12:28:41.894+0000,,false
ZPFtZbsXQIT,2015,YIA7WLCOZd4,HllvX50cXC0,HllvX50cXC0,3,lhenao,2018-10-01T12:29:25.853+0000,,false
NvMedxX5rd6,2015,YIA7WLCOZd4,HllvX50cXC0,HllvX50cXC0,1000,lhenao,2018-10-01T12:30:48.780+0000,,false
oXGNeOZjg0F,2015,YIA7WLCOZd4,HllvX50cXC0,HllvX50cXC0,5000,lhenao,2018-10-01T12:30:12.320+0000,,false
oLXCIJJx7vv,2015,YIA7WLCOZd4,HllvX50cXC0,HllvX50cXC0,670,mhui,2018-10-01T12:29:22.390+0000,,false
HhL5Ma8V4Xg,2015,YIA7WLCOZd4,HllvX50cXC0,HllvX50cXC0,8,mhui,2018-10-01T12:30:04.620+0000,,false
dowKCFTkX21,2015,YIA7WLCOZd4,HllvX50cXC0,HllvX50cXC0,16,mhui,2018-10-01T12:36:20.363+0000,,false
y2DZFRXCUDf,2015,YIA7WLCOZd4,HllvX50cXC0,HllvX50cXC0,64,mhui,2018-10-01T12:31:08.256+0000,,false
BTmzpqEarJu,2015,YIA7WLCOZd4,HllvX50cXC0,HllvX50cXC0,94,mhui,2018-10-01T12:32:04.738+0000,,false
DFEUctZegna,2015,YIA7WLCOZd4,sJUGNYho7Ey,HllvX50cXC0,729,ejomo,2018-10-11T11:33:09.190+0000,,false
DFEUctZegna,2015,YIA7WLCOZd4,sLKRSW7xmwp,HllvX50cXC0,990,ejomo,2018-10-11T11:33:06.122+0000,,false
DFEUctZegna,2015,YIA7WLCOZd4,r8hBd63qzn4,HllvX50cXC0,200,ejomo,2018-10-11T11:33:26.672+0000,,false
DFEUctZegna,2015,YIA7WLCOZd4,iEgy3xKqVi5,HllvX50cXC0,1670,ejomo,2018-10-11T11:33:21.877+0000,,false
DDUZoDV8n2F,2015,YIA7WLCOZd4,sJUGNYho7Ey,HllvX50cXC0,8,wjola,2018-10-01T12:26:52.681+0000,,false
DDUZoDV8n2F,2015,YIA7WLCOZd4,sLKRSW7xmwp,HllvX50cXC0,14,wjola,2018-10-01T12:26:38.540+0000,,false
Hj0yAWYGZ33,2015,YIA7WLCOZd4,sJUGNYho7Ey,HllvX50cXC0,57800,ejomo,2018-10-11T11:37:23.054+0000,,false
Hj0yAWYGZ33,2015,YIA7WLCOZd4,sLKRSW7xmwp,HllvX50cXC0,35000,ejomo,2018-10-11T11:37:17.802+0000,,false
G58TeKd3pmk,2015,YIA7WLCOZd4,iEgy3xKqVi5,HllvX50cXC0,25000,ejomo,2018-10-11T11:37:47.867+0000,,false
G58TeKd3pmk,2015,YIA7WLCOZd4,r8hBd63qzn4,HllvX50cXC0,2700,ejomo,2018-10-11T11:37:53.491+0000,,false
KODuYGvv3QD,2015,YIA7WLCOZd4,r8hBd63qzn4,HllvX50cXC0,200,ejomo,2018-10-11T11:38:34.629+0000,,false
KODuYGvv3QD,2015,YIA7WLCOZd4,iEgy3xKqVi5,HllvX50cXC0,27900,ejomo,2018-10-11T11:38:18.709+0000,,false
H4oevm5A5Pi,2015,YIA7WLCOZd4,sLKRSW7xmwp,HllvX50cXC0,234,ejomo,2018-10-11T11:39:08.674+0000,,false
H4oevm5A5Pi,2015,YIA7WLCOZd4,iEgy3xKqVi5,HllvX50cXC0,479,ejomo,2018-10-11T11:39:26.778+0000,,false
H4oevm5A5Pi,2015,YIA7WLCOZd4,r8hBd63qzn4,HllvX50cXC0,23,ejomo,2018-10-11T11:39:31.417+0000,,false
H4oevm5A5Pi,2015,YIA7WLCOZd4,sJUGNYho7Ey,HllvX50cXC0,67,ejomo,2018-10-11T11:39:10.936+0000,,false
BgbLInmNwUu,2015,YIA7WLCOZd4,HllvX50cXC0,HllvX50cXC0,true,ejomo,2018-10-11T11:39:50.763+0000,,false
O5OlvsE3MwN,2015,YIA7WLCOZd4,HllvX50cXC0,HllvX50cXC0,true,ejomo,2018-10-11T11:40:05.380+0000,,false
Ej7dXcqX99a,2015,YIA7WLCOZd4,HllvX50cXC0,HllvX50cXC0,25000000,ejomo,2018-10-11T11:40:21.475+0000,,false
sSGLC3rkVGs,2015,YIA7WLCOZd4,HllvX50cXC0,HllvX50cXC0,true,ejomo,2018-10-11T11:40:37.446+0000,,false
JoDKuZTXJwg,2015,YIA7WLCOZd4,HllvX50cXC0,HllvX50cXC0,479000000,ejomo,2018-10-11T11:40:55.635+0000,,false
HzqYEXs8hoO,2015,YIA7WLCOZd4,HllvX50cXC0,HllvX50cXC0,56,fegati,2019-04-29T03:00:02.000+0000,,false
MPwkNd0OtI2,2015,YIA7WLCOZd4,sLKRSW7xmwp,HllvX50cXC0,93,fegati,2019-04-29T03:00:02.000+0000,,false
MPwkNd0OtI2,2015,YIA7WLCOZd4,sJUGNYho7Ey,HllvX50cXC0,34,fegati,2019-04-29T03:00:02.000+0000,,false
AhMpu40ZhnW,2015,YIA7WLCOZd4,sLKRSW7xmwp,HllvX50cXC0,89,fegati,2019-04-29T03:00:02.000+0000,,false
AhMpu40ZhnW,2015,YIA7WLCOZd4,sJUGNYho7Ey,HllvX50cXC0,91,fegati,2019-04-29T03:00:02.000+0000,,false
NCsJ0u0J5kO,2015,YIA7WLCOZd4,sLKRSW7xmwp,HllvX50cXC0,90,fegati,2019-04-29T03:00:02.000+0000,,false
NCsJ0u0J5kO,2015,YIA7WLCOZd4,r8hBd63qzn4,HllvX50cXC0,70,fegati,2019-04-29T03:00:02.000+0000,,false
NCsJ0u0J5kO,2015,YIA7WLCOZd4,sJUGNYho7Ey,HllvX50cXC0,10,fegati,2019-04-29T03:00:02.000+0000,,false
NCsJ0u0J5kO,2015,YIA7WLCOZd4,iEgy3xKqVi5,HllvX50cXC0,30,fegati,2019-04-29T03:00:02.000+0000,,false
wjtsNUXEZmA,2015,YIA7WLCOZd4,HllvX50cXC0,HllvX50cXC0,58,kevo,2019-05-07T11:39:17.333+0000,,false
Uqj4TFaAjVJ,2015,YIA7WLCOZd4,HllvX50cXC0,HllvX50cXC0,965,fegati,2019-04-29T03:00:02.000+0000,,false
lzvT5c6XGaS,2015,YIA7WLCOZd4,HllvX50cXC0,HllvX50cXC0,670,fegati,2019-04-29T03:00:02.000+0000,,false
f3V68OtSW84,2015,YIA7WLCOZd4,sJUGNYho7Ey,HllvX50cXC0,79000,ejomo,2018-10-11T11:37:33.840+0000,,false
f3V68OtSW84,2015,YIA7WLCOZd4,sLKRSW7xmwp,HllvX50cXC0,36600,ejomo,2018-10-11T11:37:29.111+0000,,false
zbkHN06Xsp3,2015,YIA7WLCOZd4,iEgy3xKqVi5,HllvX50cXC0,150000,ejomo,2018-10-11T11:37:57.929+0000,,false
zbkHN06Xsp3,2015,YIA7WLCOZd4,r8hBd63qzn4,HllvX50cXC0,150000,ejomo,2018-10-11T11:38:02.982+0000,,false
cGnhsPKJVI1,2015,YIA7WLCOZd4,r8hBd63qzn4,HllvX50cXC0,50000,ejomo,2018-10-11T11:38:32.335+0000,,false
cGnhsPKJVI1,2015,YIA7WLCOZd4,iEgy3xKqVi5,HllvX50cXC0,50000,ejomo,2018-10-11T11:38:23.576+0000,,false
SBeRiBAZwCi,2015,YIA7WLCOZd4,iEgy3xKqVi5,HllvX50cXC0,1000,ejomo,2018-10-11T11:39:29.129+0000,,false
SBeRiBAZwCi,2015,YIA7WLCOZd4,r8hBd63qzn4,HllvX50cXC0,1000,ejomo,2018-10-11T11:39:33.753+0000,,false
SBeRiBAZwCi,2015,YIA7WLCOZd4,sLKRSW7xmwp,HllvX50cXC0,1000,ejomo,2018-10-11T11:39:18.594+0000,,false
SBeRiBAZwCi,2015,YIA7WLCOZd4,sJUGNYho7Ey,HllvX50cXC0,1000,ejomo,2018-10-11T11:39:20.763+0000,,false
FLrQcqOLRfd,2015,YIA7WLCOZd4,HllvX50cXC0,HllvX50cXC0,950000000,ejomo,2018-10-11T11:40:28.002+0000,,false
swN4BwyElT3,2015,YIA7WLCOZd4,HllvX50cXC0,HllvX50cXC0,900000000,ejomo,2018-10-11T11:41:01.638+0000,,false
ps0bFERNaI8,2015,YIA7WLCOZd4,HllvX50cXC0,HllvX50cXC0,400,mhui,2018-10-01T12:31:28.044+0000,,false
w0tytyY7kos,2015,YIA7WLCOZd4,HllvX50cXC0,HllvX50cXC0,45,mhui,2018-10-01T12:35:44.313+0000,,false
TDacBLZz715,2015,YIA7WLCOZd4,HllvX50cXC0,HllvX50cXC0,26.8,ejomo,2018-10-11T11:32:47.969+0000,,false
iOUBfnKDDUd,2015,YIA7WLCOZd4,HllvX50cXC0,HllvX50cXC0,13290,ejomo,2018-10-11T11:36:38.608+0000,,false
BiJuAITpsnd,2015,YIA7WLCOZd4,HllvX50cXC0,HllvX50cXC0,26.8,ejomo,2018-10-11T11:38:56.245+0000,,false
tIVQtMfe8aT,2015,YIA7WLCOZd4,HllvX50cXC0,HllvX50cXC0,9.3,ejomo,2018-10-11T11:39:44.525+0000,,false
JaCkmheNO9p,2015,YIA7WLCOZd4,HllvX50cXC0,HllvX50cXC0,50,kevo,2019-05-02T12:01:06.000+0000,,false
bWLtB5B73Eh,2015,YIA7WLCOZd4,HllvX50cXC0,HllvX50cXC0,200,kevo,2019-05-07T11:36:42.729+0000,,false
CZozIhs3oKt,2015,YIA7WLCOZd4,HllvX50cXC0,HllvX50cXC0,200,kevo,2019-05-07T11:37:18.785+0000,,false
M0V0lnx10d4,2015,YIA7WLCOZd4,HllvX50cXC0,HllvX50cXC0,200,kevo,2019-05-07T11:38:35.036+0000,,false
ZOPSuVDHGc7,2015,YIA7WLCOZd4,HllvX50cXC0,HllvX50cXC0,200,kevo,2019-05-07T11:39:50.630+0000,,false
yntGu1ghoRH,2015,YIA7WLCOZd4,HllvX50cXC0,HllvX50cXC0,200,kevo,2019-05-07T11:40:08.585+0000,,false
D4oFW40gvT4,2015,YIA7WLCOZd4,HllvX50cXC0,HllvX50cXC0,10000,kevo,2019-05-07T11:40:26.450+0000,,false
Sc0fSbRIgAd,2015,YIA7WLCOZd4,HllvX50cXC0,HllvX50cXC0,200,kevo,2019-05-07T11:40:39.052+0000,,false
MKn1soEZT8q,2015,YIA7WLCOZd4,HllvX50cXC0,HllvX50cXC0,200,kevo,2019-05-07T11:40:52.679+0000,,false
tugJ7nwfL6c,2015,YIA7WLCOZd4,HllvX50cXC0,HllvX50cXC0,200,kevo,2019-05-07T11:41:02.649+0000,,false
EpOHcAxLP0E,2015,YIA7WLCOZd4,sLKRSW7xmwp,HllvX50cXC0,100,kevo,2019-05-07T11:43:30.047+0000,,false
EpOHcAxLP0E,2015,YIA7WLCOZd4,sJUGNYho7Ey,HllvX50cXC0,100,kevo,2019-05-07T11:43:32.414+0000,,false
RL5Cd2V59j9,2015,YIA7WLCOZd4,iEgy3xKqVi5,HllvX50cXC0,10,kevo,2019-05-07T11:44:56.577+0000,,false
RL5Cd2V59j9,2015,YIA7WLCOZd4,r8hBd63qzn4,HllvX50cXC0,15,gverburg,2019-02-26T10:20:09.577+0000,,false
RiN9u844TAI,2015,YIA7WLCOZd4,HllvX50cXC0,HllvX50cXC0,1000,gverburg,2019-02-26T12:11:01.948+0000,,false
NehgnuC4gS7,2015,YIA7WLCOZd4,HllvX50cXC0,HllvX50cXC0,4000,kevo,2019-05-07T11:47:42.536+0000,,false
wEolHaaEC5D,2015,YIA7WLCOZd4,HllvX50cXC0,HllvX50cXC0,2000,kevo,2019-05-06T13:55:29.418+0000,,false
lVztyk5abZZ,2015,YIA7WLCOZd4,HllvX50cXC0,HllvX50cXC0,3000,kevo,2019-05-06T13:54:47.083+0000,,false
r1De8ZJQ8lV,2015,YIA7WLCOZd4,HllvX50cXC0,HllvX50cXC0,2000,kevo,2019-05-07T11:54:22.237+0000,,false
XpY3cvVILxQ,2015,YIA7WLCOZd4,HllvX50cXC0,HllvX50cXC0,2000,kevo,2019-05-07T11:54:33.480+0000,,false
i3XdeahLux9,2015,YIA7WLCOZd4,HllvX50cXC0,HllvX50cXC0,200,kevo,2019-05-07T11:55:21.121+0000,,false
